<?xml version="1.0" encoding="UTF-8"?>
<project-private xmlns="http://www.netbeans.org/ns/project-private/1">
    <editor-bookmarks xmlns="http://www.netbeans.org/ns/editor-bookmarks/2" lastBookmarkId="0"/>
    <open-files xmlns="http://www.netbeans.org/ns/projectui-open-files/2">
        <group>
            <file>file:/Users/josecorrales/NetBeansProjects/ProyectoFinal/src/cr/ac/ucenfotec/proyectofinal/iu/IU.java</file>
            <file>file:/Users/josecorrales/NetBeansProjects/ProyectoFinal/src/cr/ac/ucenfotec/proyectofinal/dao/GeneroDAO.java</file>
            <file>file:/Users/josecorrales/NetBeansProjects/ProyectoFinal/src/cr/ac/ucenfotec/proyectofinal/gestor/Gestor.java</file>
            <file>file:/Users/josecorrales/NetBeansProjects/ProyectoFinal/src/cr/ac/ucenfotec/proyectofinal/dao/ArtistaDAO.java</file>
            <file>file:/Users/josecorrales/NetBeansProjects/ProyectoFinal/src/cr/ac/ucenfotec/proyectofinal/dao/CompositorDAO.java</file>
            <file>file:/Users/josecorrales/NetBeansProjects/ProyectoFinal/src/cr/ac/ucenfotec/proyectofinal/controlador/Controlador.java</file>
        </group>
    </open-files>
</project-private>
